[{"model": "restaurant.table", "pk": 103, "fields": {"table_number": 100000, "capacity": 100000, "status": "AVAILABLE"}}, {"model": "restaurant.table", "pk": 104, "fields": {"table_number": 15362, "capacity": 12694, "status": "AVAILABLE"}}, {"model": "restaurant.table", "pk": 105, "fields": {"table_number": 18952, "capacity": 5027, "status": "AVAILABLE"}}, {"model": "restaurant.table", "pk": 106, "fields": {"table_number": 26329, "capacity": 7149, "status": "AVAILABLE"}}, {"model": "restaurant.table", "pk": 107, "fields": {"table_number": 18604, "capacity": 27195, "status": "AVAILABLE"}}, {"model": "restaurant.table", "pk": 108, "fields": {"table_number": 30826, "capacity": 25895, "status": "AVAILABLE"}}, {"model": "restaurant.table", "pk": 109, "fields": {"table_number": 15207, "capacity": 20813, "status": "AVAILABLE"}}, {"model": "restaurant.table", "pk": 110, "fields": {"table_number": 7906, "capacity": 22355, "status": "AVAILABLE"}}, {"model": "restaurant.table", "pk": 111, "fields": {"table_number": 27737, "capacity": 4183, "status": "AVAILABLE"}}, {"model": "restaurant.table", "pk": 112, "fields": {"table_number": 24607, "capacity": 26179, "status": "AVAILABLE"}}, {"model": "restaurant.table", "pk": 114, "fields": {"table_number": 6802, "capacity": 1882, "status": "AVAILABLE"}}, {"model": "restaurant.table", "pk": 115, "fields": {"table_number": 24803, "capacity": 31040, "status": "AVAILABLE"}}, {"model": "restaurant.table", "pk": 116, "fields": {"table_number": 18700, "capacity": 10975, "status": "AVAILABLE"}}, {"model": "restaurant.table", "pk": 117, "fields": {"table_number": 15818, "capacity": 27333, "status": "AVAILABLE"}}, {"model": "restaurant.table", "pk": 118, "fields": {"table_number": 27686, "capacity": 11741, "status": "AVAILABLE"}}, {"model": "restaurant.table", "pk": 119, "fields": {"table_number": 5608, "capacity": 18204, "status": "AVAILABLE"}}, {"model": "restaurant.table", "pk": 120, "fields": {"table_number": 31548, "capacity": 5181, "status": "OCCUPIED"}}, {"model": "restaurant.table", "pk": 121, "fields": {"table_number": 13736, "capacity": 17433, "status": "AVAILABLE"}}, {"model": "restaurant.waiter", "pk": 87, "fields": {"first_name": "Paul", "last_name": "Coleman", "phone_number": "273-608-45"}}, {"model": "restaurant.waiter", "pk": 88, "fields": {"first_name": "Julie", "last_name": "Young", "phone_number": "(724)211-7"}}, {"model": "restaurant.waiter", "pk": 89, "fields": {"first_name": "Stephanie", "last_name": "Cameron", "phone_number": "+1-591-315"}}, {"model": "restaurant.waiter", "pk": 90, "fields": {"first_name": "John", "last_name": "Andrews", "phone_number": "935-361-79"}}, {"model": "restaurant.waiter", "pk": 91, "fields": {"first_name": "Katherine", "last_name": "Contreras", "phone_number": "+1-477-403"}}, {"model": "restaurant.waiter", "pk": 92, "fields": {"first_name": "Cameron", "last_name": "Mata", "phone_number": "940-821-47"}}, {"model": "restaurant.waiter", "pk": 93, "fields": {"first_name": "Veronica", "last_name": "Contreras", "phone_number": "+1-338-666"}}, {"model": "restaurant.waiter", "pk": 94, "fields": {"first_name": "Tina", "last_name": "Gamble", "phone_number": "271-491-16"}}, {"model": "restaurant.waiter", "pk": 95, "fields": {"first_name": "Amber", "last_name": "Moss", "phone_number": "926-884-38"}}, {"model": "restaurant.waiter", "pk": 96, "fields": {"first_name": "Melissa", "last_name": "Moore", "phone_number": "5117888669"}}, {"model": "restaurant.waiter", "pk": 97, "fields": {"first_name": "Gary", "last_name": "Collins", "phone_number": "+1-482-361"}}, {"model": "restaurant.waiter", "pk": 98, "fields": {"first_name": "Adam", "last_name": "Wilkinson", "phone_number": "+1-434-296"}}, {"model": "restaurant.waiter", "pk": 99, "fields": {"first_name": "Jimmy", "last_name": "Williamson", "phone_number": "312.810.88"}}, {"model": "restaurant.waiter", "pk": 100, "fields": {"first_name": "Christopher", "last_name": "Cruz", "phone_number": "953-307-03"}}, {"model": "restaurant.waiter", "pk": 101, "fields": {"first_name": "Anita", "last_name": "Anderson", "phone_number": "+1-837-239"}}, {"model": "restaurant.waiter", "pk": 102, "fields": {"first_name": "April", "last_name": "Chen", "phone_number": "+1-795-334"}}, {"model": "restaurant.waiter", "pk": 103, "fields": {"first_name": "Tiffany", "last_name": "Carson", "phone_number": "001-691-20"}}, {"model": "restaurant.waiter", "pk": 104, "fields": {"first_name": "George", "last_name": "Arnold", "phone_number": "+1-809-665"}}, {"model": "restaurant.waiter", "pk": 105, "fields": {"first_name": "Michael", "last_name": "Burns", "phone_number": "660.798.65"}}, {"model": "restaurant.waiter", "pk": 106, "fields": {"first_name": "Phillip", "last_name": "Hardy", "phone_number": "627-870-98"}}, {"model": "restaurant.order", "pk": 62, "fields": {"table": 120, "waiter": 95, "order_date_time": "2001-08-29T02:12:29Z", "total_amount": 23102}}, {"model": "restaurant.order", "pk": 64, "fields": {"table": 108, "waiter": 103, "order_date_time": "1981-04-21T23:29:13Z", "total_amount": 29921}}, {"model": "restaurant.order", "pk": 66, "fields": {"table": 120, "waiter": 96, "order_date_time": "1972-06-03T22:37:25Z", "total_amount": 12224}}, {"model": "restaurant.order", "pk": 67, "fields": {"table": 103, "waiter": 87, "order_date_time": "1989-07-14T06:26:41Z", "total_amount": 30743}}, {"model": "restaurant.order", "pk": 68, "fields": {"table": 112, "waiter": 106, "order_date_time": "2010-08-13T03:06:49Z", "total_amount": 21066}}, {"model": "restaurant.order", "pk": 70, "fields": {"table": 107, "waiter": 87, "order_date_time": "2014-05-28T08:42:49Z", "total_amount": 30416}}, {"model": "restaurant.order", "pk": 71, "fields": {"table": 116, "waiter": 99, "order_date_time": "1976-06-16T20:22:36Z", "total_amount": 3346}}, {"model": "restaurant.order", "pk": 72, "fields": {"table": 109, "waiter": 91, "order_date_time": "2008-07-30T18:34:06Z", "total_amount": 9299}}, {"model": "restaurant.order", "pk": 73, "fields": {"table": 120, "waiter": 106, "order_date_time": "1994-02-10T03:46:38Z", "total_amount": 20254}}, {"model": "restaurant.order", "pk": 74, "fields": {"table": 103, "waiter": 96, "order_date_time": "1980-12-13T13:28:12Z", "total_amount": 15842}}, {"model": "restaurant.order", "pk": 75, "fields": {"table": 115, "waiter": 94, "order_date_time": "1987-07-15T12:45:40Z", "total_amount": 20271}}, {"model": "restaurant.order", "pk": 76, "fields": {"table": 105, "waiter": 89, "order_date_time": "1979-08-01T10:21:49Z", "total_amount": 26277}}, {"model": "restaurant.order", "pk": 77, "fields": {"table": 103, "waiter": 99, "order_date_time": "2003-04-02T05:50:15Z", "total_amount": 6829}}, {"model": "restaurant.order", "pk": 78, "fields": {"table": 105, "waiter": 106, "order_date_time": "1980-04-04T18:24:00Z", "total_amount": 29965}}, {"model": "restaurant.order", "pk": 79, "fields": {"table": 103, "waiter": 90, "order_date_time": "2012-12-10T02:10:48Z", "total_amount": 25675}}, {"model": "restaurant.order", "pk": 80, "fields": {"table": 118, "waiter": 90, "order_date_time": "1975-08-03T04:58:38Z", "total_amount": 9230}}, {"model": "restaurant.menu", "pk": 83, "fields": {"name": "Debate light Democrat finally training state.", "description": "Successful your specific remember. Yes think personal population foreign maybe than wife. Recent child up political return should discuss admit.", "price": 18132}}, {"model": "restaurant.menu", "pk": 84, "fields": {"name": "Food eat art food edge.", "description": "Machine usually beyond thus even. Ahead or before history lose.\nNews culture finally another professional. Apply short tell program TV test. Be analysis only affect.", "price": 19882}}, {"model": "restaurant.menu", "pk": 85, "fields": {"name": "Thousand before civil clear help happy.", "description": "Production population smile back whom be. Security shake happy fear would.\nExperience maintain camera check. Method fight manager.\nRed place include. Product better hear long person.", "price": 2641}}, {"model": "restaurant.menu", "pk": 86, "fields": {"name": "Arrive work rather current admit weight.", "description": "Management which simple seem she PM source. Trip yourself opportunity happy century dream. Or hotel vote benefit once.", "price": 26593}}, {"model": "restaurant.menu", "pk": 87, "fields": {"name": "Glass to event.", "description": "Worker instead bar reflect herself prepare.\nDuring kind easy discuss. Film chair organization game international. West cost common hotel shoulder or.", "price": 16}}, {"model": "restaurant.menu", "pk": 88, "fields": {"name": "Responsibility require recognize difficult later.", "description": "Property cup become huge bill. Professor place next sing.\nPart move through such. Certain foot bring himself crime performance.", "price": 27720}}, {"model": "restaurant.menu", "pk": 89, "fields": {"name": "Follow shake company.", "description": "Catch each court. Season throw miss city course store house couple.\nRoom industry improve perform throughout three then.", "price": 32634}}, {"model": "restaurant.menu", "pk": 90, "fields": {"name": "Soldier century although bad three eye character.", "description": "Resource large decide condition guy research. Your record foreign no investment let. Research grow fine end college cover voice money.\nElection level dream skill key. Station threat sense record leg.", "price": 6981}}, {"model": "restaurant.menu", "pk": 91, "fields": {"name": "Financial hard role agree probably.", "description": "Low sign view cup run. Note agree tough order call traditional.\nPrevent attack government. Thousand campaign later.", "price": 1354}}, {"model": "restaurant.menu", "pk": 92, "fields": {"name": "Entire put lay how cause challenge after.", "description": "Thousand away between anything site network. Office it begin movie perhaps which decade.", "price": 9195}}, {"model": "restaurant.menu", "pk": 93, "fields": {"name": "Child environmental place attack.", "description": "Base charge resource experience. Capital do behavior certain they to.\nMedical body from total employee apply. With deep majority religious their.", "price": 21877}}, {"model": "restaurant.menu", "pk": 94, "fields": {"name": "Use yourself maybe college recently sound pull.", "description": "However bill play. Girl policy center represent watch artist.\nScientist peace need whatever. Body certain collection agreement.\nMain maintain town. Free field together democratic level by.", "price": 25547}}, {"model": "restaurant.menu", "pk": 95, "fields": {"name": "Expect age professional star something film let.", "description": "Wish say another. Enjoy worker north receive knowledge.\nTrade who house. Fight important effect. Save challenge gas improve play. North effort because.", "price": 2062}}, {"model": "restaurant.menu", "pk": 96, "fields": {"name": "Drive operation significant themselves.", "description": "His less rise pass federal include garden. Determine treatment book above glass. Hear TV difficult fact relate.", "price": 19486}}, {"model": "restaurant.menu", "pk": 97, "fields": {"name": "Both group that commercial cause.", "description": "Price purpose offer anything analysis option. Same name build behavior say. Adult mission open bring.\nGarden hold hand along of. Rule tree two shoulder mind against remain.", "price": 31534}}, {"model": "restaurant.menu", "pk": 98, "fields": {"name": "Owner school through leg place decade.", "description": "Administration shake hundred no personal very describe. Score young information claim. Culture day even performance somebody next star manage.", "price": 28446}}, {"model": "restaurant.menu", "pk": 99, "fields": {"name": "Watch possible oil star run.", "description": "Instead why two management without federal when per. Magazine cost win sound full chance daughter.\nStuff itself economic meet work. Its or perhaps line.", "price": 21704}}, {"model": "restaurant.menu", "pk": 100, "fields": {"name": "Support let throughout more study business.", "description": "For true surface travel exactly. View thus nice a gas.\nDrive while news. Character memory save dinner address hair campaign.", "price": 11200}}, {"model": "restaurant.menu", "pk": 101, "fields": {"name": "Theory personal beautiful ability.", "description": "Raise garden meeting ball. Thousand build expert cut.\nBorn everything respond movement. Consider hair war treat network economic establish.", "price": 31506}}, {"model": "restaurant.category", "pk": 83, "fields": {"name": "To dog imagine through. On around his nearly.", "menu": 88}}, {"model": "restaurant.category", "pk": 84, "fields": {"name": "Human still determine coach any worker.", "menu": 86}}, {"model": "restaurant.category", "pk": 85, "fields": {"name": "In game brother light.", "menu": 92}}, {"model": "restaurant.category", "pk": 86, "fields": {"name": "Wife baby suddenly add else may.", "menu": 97}}, {"model": "restaurant.category", "pk": 87, "fields": {"name": "List off necessary start. Term want hour thought.", "menu": 96}}, {"model": "restaurant.category", "pk": 88, "fields": {"name": "Morning explain small later cost boy.", "menu": 83}}, {"model": "restaurant.category", "pk": 89, "fields": {"name": "Fight involve full.", "menu": 86}}, {"model": "restaurant.category", "pk": 90, "fields": {"name": "Policy conference film near provide reduce trip.", "menu": 99}}, {"model": "restaurant.category", "pk": 91, "fields": {"name": "The culture stuff.", "menu": 89}}, {"model": "restaurant.category", "pk": 92, "fields": {"name": "Contain above give.", "menu": 101}}, {"model": "restaurant.category", "pk": 93, "fields": {"name": "Idea computer heavy direction.", "menu": 90}}, {"model": "restaurant.category", "pk": 94, "fields": {"name": "Commercial stuff fear choose.", "menu": 99}}, {"model": "restaurant.category", "pk": 95, "fields": {"name": "Start country read next break world sign threat.", "menu": 96}}, {"model": "restaurant.category", "pk": 96, "fields": {"name": "Station section think.", "menu": 97}}, {"model": "restaurant.category", "pk": 97, "fields": {"name": "Scene fund issue.", "menu": 91}}, {"model": "restaurant.category", "pk": 98, "fields": {"name": "Same herself it. Save us life ahead.", "menu": 99}}, {"model": "restaurant.category", "pk": 99, "fields": {"name": "Among friend guess more pay.", "menu": 97}}, {"model": "restaurant.category", "pk": 100, "fields": {"name": "Despite occur build mention enter safe.", "menu": 86}}, {"model": "restaurant.reception", "pk": 82, "fields": {"first_name": "Shawn", "last_name": "Miller", "phone_number": "+1-652-695"}}, {"model": "restaurant.reception", "pk": 83, "fields": {"first_name": "Mindy", "last_name": "Williams", "phone_number": "+1-612-793"}}, {"model": "restaurant.reception", "pk": 84, "fields": {"first_name": "Christine", "last_name": "Everett", "phone_number": "+1-260-667"}}, {"model": "restaurant.reception", "pk": 85, "fields": {"first_name": "Ashley", "last_name": "Morgan", "phone_number": "660-877-31"}}, {"model": "restaurant.reception", "pk": 86, "fields": {"first_name": "Tracey", "last_name": "Patton", "phone_number": "713.532.31"}}, {"model": "restaurant.reception", "pk": 87, "fields": {"first_name": "Benjamin", "last_name": "Williams", "phone_number": "740-922-61"}}, {"model": "restaurant.reception", "pk": 88, "fields": {"first_name": "Charles", "last_name": "Nelson", "phone_number": "9754427486"}}, {"model": "restaurant.reception", "pk": 89, "fields": {"first_name": "Tammy", "last_name": "Curry", "phone_number": "7136200569"}}, {"model": "restaurant.reception", "pk": 90, "fields": {"first_name": "Alexis", "last_name": "Valdez", "phone_number": "+1-957-513"}}, {"model": "restaurant.reception", "pk": 91, "fields": {"first_name": "Bethany", "last_name": "Martinez", "phone_number": "294.341.75"}}, {"model": "restaurant.reception", "pk": 92, "fields": {"first_name": "Travis", "last_name": "Foster", "phone_number": "001-840-31"}}, {"model": "restaurant.reception", "pk": 93, "fields": {"first_name": "Megan", "last_name": "Johnson", "phone_number": "001-930-90"}}, {"model": "restaurant.reception", "pk": 94, "fields": {"first_name": "Angela", "last_name": "Morgan", "phone_number": "451-583-30"}}, {"model": "restaurant.reception", "pk": 95, "fields": {"first_name": "Nicholas", "last_name": "Walker", "phone_number": "+1-505-458"}}, {"model": "restaurant.reception", "pk": 96, "fields": {"first_name": "John", "last_name": "Martinez", "phone_number": "346.869.90"}}, {"model": "restaurant.reception", "pk": 97, "fields": {"first_name": "Amanda", "last_name": "Perkins", "phone_number": "287.228.32"}}, {"model": "restaurant.reception", "pk": 98, "fields": {"first_name": "Christopher", "last_name": "Sharp", "phone_number": "001-951-83"}}, {"model": "restaurant.reception", "pk": 99, "fields": {"first_name": "Monica", "last_name": "Moreno", "phone_number": "+1-928-421"}}, {"model": "restaurant.reception", "pk": 100, "fields": {"first_name": "Steven", "last_name": "Lowery", "phone_number": "955-233-74"}}, {"model": "restaurant.reception", "pk": 101, "fields": {"first_name": "Darryl", "last_name": "Weaver", "phone_number": "935-491-13"}}]